step,layer,mean_acc,mean_acc_pct,best_layer_at_step,best_acc_at_step,best_acc_at_step_pct,num_datasets,resize_mode,classifier
0,0,0.5196519360,51.9652,8,0.6698306290,66.9831,128,interp512,rf
0,1,0.6312909128,63.1291,8,0.6698306290,66.9831,128,interp512,rf
0,2,0.6490248443,64.9025,8,0.6698306290,66.9831,128,interp512,rf
0,3,0.6476727018,64.7673,8,0.6698306290,66.9831,128,interp512,rf
0,4,0.6527379984,65.2738,8,0.6698306290,66.9831,128,interp512,rf
0,5,0.6534787229,65.3479,8,0.6698306290,66.9831,128,interp512,rf
0,6,0.6520048686,65.2005,8,0.6698306290,66.9831,128,interp512,rf
0,7,0.6556353258,65.5635,8,0.6698306290,66.9831,128,interp512,rf
0,8,0.6698306290,66.9831,8,0.6698306290,66.9831,128,interp512,rf
1000,0,0.6010990904,60.1099,6,0.7583028535,75.8303,128,interp512,rf
1000,1,0.6633998838,66.3400,6,0.7583028535,75.8303,128,interp512,rf
1000,2,0.7030140615,70.3014,6,0.7583028535,75.8303,128,interp512,rf
1000,3,0.7325319908,73.2532,6,0.7583028535,75.8303,128,interp512,rf
1000,4,0.7400640616,74.0064,6,0.7583028535,75.8303,128,interp512,rf
1000,5,0.7479732702,74.7973,6,0.7583028535,75.8303,128,interp512,rf
1000,6,0.7583028535,75.8303,6,0.7583028535,75.8303,128,interp512,rf
1000,7,0.7542461189,75.4246,6,0.7583028535,75.8303,128,interp512,rf
1000,8,0.7378049969,73.7805,6,0.7583028535,75.8303,128,interp512,rf
2000,0,0.5877965571,58.7797,6,0.7601967224,76.0197,128,interp512,rf
2000,1,0.6777635475,67.7764,6,0.7601967224,76.0197,128,interp512,rf
2000,2,0.7183668512,71.8367,6,0.7601967224,76.0197,128,interp512,rf
2000,3,0.7480272936,74.8027,6,0.7601967224,76.0197,128,interp512,rf
2000,4,0.7533728825,75.3373,6,0.7601967224,76.0197,128,interp512,rf
2000,5,0.7537306262,75.3731,6,0.7601967224,76.0197,128,interp512,rf
2000,6,0.7601967224,76.0197,6,0.7601967224,76.0197,128,interp512,rf
2000,7,0.7577770754,75.7777,6,0.7601967224,76.0197,128,interp512,rf
2000,8,0.7464568679,74.6457,6,0.7601967224,76.0197,128,interp512,rf
3000,0,0.5842985267,58.4299,6,0.7647836682,76.4784,128,interp512,rf
3000,1,0.6903373664,69.0337,6,0.7647836682,76.4784,128,interp512,rf
3000,2,0.7227231794,72.2723,6,0.7647836682,76.4784,128,interp512,rf
3000,3,0.7532493226,75.3249,6,0.7647836682,76.4784,128,interp512,rf
3000,4,0.7595471752,75.9547,6,0.7647836682,76.4784,128,interp512,rf
3000,5,0.7619313292,76.1931,6,0.7647836682,76.4784,128,interp512,rf
3000,6,0.7647836682,76.4784,6,0.7647836682,76.4784,128,interp512,rf
3000,7,0.7632780456,76.3278,6,0.7647836682,76.4784,128,interp512,rf
3000,8,0.7489783282,74.8978,6,0.7647836682,76.4784,128,interp512,rf
4000,0,0.5820557612,58.2056,7,0.7674856912,76.7486,128,interp512,rf
4000,1,0.7070424387,70.7042,7,0.7674856912,76.7486,128,interp512,rf
4000,2,0.7298729098,72.9873,7,0.7674856912,76.7486,128,interp512,rf
4000,3,0.7605597341,76.0560,7,0.7674856912,76.7486,128,interp512,rf
4000,4,0.7622391938,76.2239,7,0.7674856912,76.7486,128,interp512,rf
4000,5,0.7597257147,75.9726,7,0.7674856912,76.7486,128,interp512,rf
4000,6,0.7641283507,76.4128,7,0.7674856912,76.7486,128,interp512,rf
4000,7,0.7674856912,76.7486,7,0.7674856912,76.7486,128,interp512,rf
4000,8,0.7510523385,75.1052,7,0.7674856912,76.7486,128,interp512,rf
5000,0,0.5779098517,57.7910,5,0.7636929312,76.3693,128,interp512,rf
5000,1,0.7119436384,71.1944,5,0.7636929312,76.3693,128,interp512,rf
5000,2,0.7344542151,73.4454,5,0.7636929312,76.3693,128,interp512,rf
5000,3,0.7596651588,75.9665,5,0.7636929312,76.3693,128,interp512,rf
5000,4,0.7622290512,76.2229,5,0.7636929312,76.3693,128,interp512,rf
5000,5,0.7636929312,76.3693,5,0.7636929312,76.3693,128,interp512,rf
5000,6,0.7628457411,76.2846,5,0.7636929312,76.3693,128,interp512,rf
5000,7,0.7631451893,76.3145,5,0.7636929312,76.3693,128,interp512,rf
5000,8,0.7497798293,74.9780,5,0.7636929312,76.3693,128,interp512,rf
6000,0,0.5744892794,57.4489,6,0.7662423096,76.6242,128,interp512,rf
6000,1,0.7152022492,71.5202,6,0.7662423096,76.6242,128,interp512,rf
6000,2,0.7336381175,73.3638,6,0.7662423096,76.6242,128,interp512,rf
6000,3,0.7645395364,76.4540,6,0.7662423096,76.6242,128,interp512,rf
6000,4,0.7660420581,76.6042,6,0.7662423096,76.6242,128,interp512,rf
6000,5,0.7648124965,76.4812,6,0.7662423096,76.6242,128,interp512,rf
6000,6,0.7662423096,76.6242,6,0.7662423096,76.6242,128,interp512,rf
6000,7,0.7644892677,76.4489,6,0.7662423096,76.6242,128,interp512,rf
6000,8,0.7521511755,75.2151,6,0.7662423096,76.6242,128,interp512,rf
7000,0,0.5788279747,57.8828,6,0.7692206903,76.9221,128,interp512,rf
7000,1,0.7141335821,71.4134,6,0.7692206903,76.9221,128,interp512,rf
7000,2,0.7391379095,73.9138,6,0.7692206903,76.9221,128,interp512,rf
7000,3,0.7610030539,76.1003,6,0.7692206903,76.9221,128,interp512,rf
7000,4,0.7653277797,76.5328,6,0.7692206903,76.9221,128,interp512,rf
7000,5,0.7652589757,76.5259,6,0.7692206903,76.9221,128,interp512,rf
7000,6,0.7692206903,76.9221,6,0.7692206903,76.9221,128,interp512,rf
7000,7,0.7646838491,76.4684,6,0.7692206903,76.9221,128,interp512,rf
7000,8,0.7561207226,75.6121,6,0.7692206903,76.9221,128,interp512,rf
8000,0,0.5740909096,57.4091,6,0.7670614979,76.7061,128,interp512,rf
8000,1,0.7196114146,71.9611,6,0.7670614979,76.7061,128,interp512,rf
8000,2,0.7361326814,73.6133,6,0.7670614979,76.7061,128,interp512,rf
8000,3,0.7638194846,76.3819,6,0.7670614979,76.7061,128,interp512,rf
8000,4,0.7655783624,76.5578,6,0.7670614979,76.7061,128,interp512,rf
8000,5,0.7669203477,76.6920,6,0.7670614979,76.7061,128,interp512,rf
8000,6,0.7670614979,76.7061,6,0.7670614979,76.7061,128,interp512,rf
8000,7,0.7643336045,76.4334,6,0.7670614979,76.7061,128,interp512,rf
8000,8,0.7554893681,75.5489,6,0.7670614979,76.7061,128,interp512,rf
9000,0,0.5748088409,57.4809,6,0.7731885337,77.3189,128,interp512,rf
9000,1,0.7210054100,72.1005,6,0.7731885337,77.3189,128,interp512,rf
9000,2,0.7356802082,73.5680,6,0.7731885337,77.3189,128,interp512,rf
9000,3,0.7686181987,76.8618,6,0.7731885337,77.3189,128,interp512,rf
9000,4,0.7701318005,77.0132,6,0.7731885337,77.3189,128,interp512,rf
9000,5,0.7700778152,77.0078,6,0.7731885337,77.3189,128,interp512,rf
9000,6,0.7731885337,77.3189,6,0.7731885337,77.3189,128,interp512,rf
9000,7,0.7687599249,76.8760,6,0.7731885337,77.3189,128,interp512,rf
9000,8,0.7542895041,75.4290,6,0.7731885337,77.3189,128,interp512,rf
10000,0,0.5789956274,57.8996,4,0.7696657855,76.9666,128,interp512,rf
10000,1,0.7211601909,72.1160,4,0.7696657855,76.9666,128,interp512,rf
10000,2,0.7390460132,73.9046,4,0.7696657855,76.9666,128,interp512,rf
10000,3,0.7678039875,76.7804,4,0.7696657855,76.9666,128,interp512,rf
10000,4,0.7696657855,76.9666,4,0.7696657855,76.9666,128,interp512,rf
10000,5,0.7686788038,76.8679,4,0.7696657855,76.9666,128,interp512,rf
10000,6,0.7673090858,76.7309,4,0.7696657855,76.9666,128,interp512,rf
10000,7,0.7654018633,76.5402,4,0.7696657855,76.9666,128,interp512,rf
10000,8,0.7516926376,75.1693,4,0.7696657855,76.9666,128,interp512,rf
11000,0,0.5760213824,57.6021,6,0.7687294782,76.8729,128,interp512,rf
11000,1,0.7209847951,72.0985,6,0.7687294782,76.8729,128,interp512,rf
11000,2,0.7411238686,74.1124,6,0.7687294782,76.8729,128,interp512,rf
11000,3,0.7625548469,76.2555,6,0.7687294782,76.8729,128,interp512,rf
11000,4,0.7659599859,76.5960,6,0.7687294782,76.8729,128,interp512,rf
11000,5,0.7686083041,76.8608,6,0.7687294782,76.8729,128,interp512,rf
11000,6,0.7687294782,76.8729,6,0.7687294782,76.8729,128,interp512,rf
11000,7,0.7676962788,76.7696,6,0.7687294782,76.8729,128,interp512,rf
11000,8,0.7504326064,75.0433,6,0.7687294782,76.8729,128,interp512,rf
12000,0,0.5756553320,57.5655,4,0.7726805460,77.2681,128,interp512,rf
12000,1,0.7256776702,72.5678,4,0.7726805460,77.2681,128,interp512,rf
12000,2,0.7430536046,74.3054,4,0.7726805460,77.2681,128,interp512,rf
12000,3,0.7686702124,76.8670,4,0.7726805460,77.2681,128,interp512,rf
12000,4,0.7726805460,77.2681,4,0.7726805460,77.2681,128,interp512,rf
12000,5,0.7725094097,77.2509,4,0.7726805460,77.2681,128,interp512,rf
12000,6,0.7718104754,77.1810,4,0.7726805460,77.2681,128,interp512,rf
12000,7,0.7696481184,76.9648,4,0.7726805460,77.2681,128,interp512,rf
12000,8,0.7528890568,75.2889,4,0.7726805460,77.2681,128,interp512,rf
13000,0,0.5743632911,57.4363,4,0.7729580001,77.2958,128,interp512,rf
13000,1,0.7243142527,72.4314,4,0.7729580001,77.2958,128,interp512,rf
13000,2,0.7427461219,74.2746,4,0.7729580001,77.2958,128,interp512,rf
13000,3,0.7688312641,76.8831,4,0.7729580001,77.2958,128,interp512,rf
13000,4,0.7729580001,77.2958,4,0.7729580001,77.2958,128,interp512,rf
13000,5,0.7714405236,77.1441,4,0.7729580001,77.2958,128,interp512,rf
13000,6,0.7711502960,77.1150,4,0.7729580001,77.2958,128,interp512,rf
13000,7,0.7699509121,76.9951,4,0.7729580001,77.2958,128,interp512,rf
13000,8,0.7534678862,75.3468,4,0.7729580001,77.2958,128,interp512,rf
14000,0,0.5737105833,57.3711,4,0.7726119415,77.2612,128,interp512,rf
14000,1,0.7234440771,72.3444,4,0.7726119415,77.2612,128,interp512,rf
14000,2,0.7427028334,74.2703,4,0.7726119415,77.2612,128,interp512,rf
14000,3,0.7674684942,76.7468,4,0.7726119415,77.2612,128,interp512,rf
14000,4,0.7726119415,77.2612,4,0.7726119415,77.2612,128,interp512,rf
14000,5,0.7706634084,77.0663,4,0.7726119415,77.2612,128,interp512,rf
14000,6,0.7691689302,76.9169,4,0.7726119415,77.2612,128,interp512,rf
14000,7,0.7696992596,76.9699,4,0.7726119415,77.2612,128,interp512,rf
14000,8,0.7493198671,74.9320,4,0.7726119415,77.2612,128,interp512,rf
15000,0,0.5730749791,57.3075,4,0.7733654538,77.3365,128,interp512,rf
15000,1,0.7209835581,72.0984,4,0.7733654538,77.3365,128,interp512,rf
15000,2,0.7416829633,74.1683,4,0.7733654538,77.3365,128,interp512,rf
15000,3,0.7622464939,76.2246,4,0.7733654538,77.3365,128,interp512,rf
15000,4,0.7733654538,77.3365,4,0.7733654538,77.3365,128,interp512,rf
15000,5,0.7733044366,77.3304,4,0.7733654538,77.3365,128,interp512,rf
15000,6,0.7709243855,77.0924,4,0.7733654538,77.3365,128,interp512,rf
15000,7,0.7718801458,77.1880,4,0.7733654538,77.3365,128,interp512,rf
15000,8,0.7540218272,75.4022,4,0.7733654538,77.3365,128,interp512,rf
16000,0,0.5771588037,57.7159,4,0.7715119728,77.1512,128,interp512,rf
16000,1,0.7227901531,72.2790,4,0.7715119728,77.1512,128,interp512,rf
16000,2,0.7407567475,74.0757,4,0.7715119728,77.1512,128,interp512,rf
16000,3,0.7645298279,76.4530,4,0.7715119728,77.1512,128,interp512,rf
16000,4,0.7715119728,77.1512,4,0.7715119728,77.1512,128,interp512,rf
16000,5,0.7701273249,77.0127,4,0.7715119728,77.1512,128,interp512,rf
16000,6,0.7697293457,76.9729,4,0.7715119728,77.1512,128,interp512,rf
16000,7,0.7699043711,76.9904,4,0.7715119728,77.1512,128,interp512,rf
16000,8,0.7518237030,75.1824,4,0.7715119728,77.1512,128,interp512,rf
17000,0,0.5760563252,57.6056,4,0.7764905224,77.6491,128,interp512,rf
17000,1,0.7240957036,72.4096,4,0.7764905224,77.6491,128,interp512,rf
17000,2,0.7448519791,74.4852,4,0.7764905224,77.6491,128,interp512,rf
17000,3,0.7647752041,76.4775,4,0.7764905224,77.6491,128,interp512,rf
17000,4,0.7764905224,77.6491,4,0.7764905224,77.6491,128,interp512,rf
17000,5,0.7712780165,77.1278,4,0.7764905224,77.6491,128,interp512,rf
17000,6,0.7719875321,77.1988,4,0.7764905224,77.6491,128,interp512,rf
17000,7,0.7714099525,77.1410,4,0.7764905224,77.6491,128,interp512,rf
17000,8,0.7510006643,75.1001,4,0.7764905224,77.6491,128,interp512,rf
18000,0,0.5788184484,57.8818,5,0.7751987925,77.5199,128,interp512,rf
18000,1,0.7239942929,72.3994,5,0.7751987925,77.5199,128,interp512,rf
18000,2,0.7434449391,74.3445,5,0.7751987925,77.5199,128,interp512,rf
18000,3,0.7726230423,77.2623,5,0.7751987925,77.5199,128,interp512,rf
18000,4,0.7732870918,77.3287,5,0.7751987925,77.5199,128,interp512,rf
18000,5,0.7751987925,77.5199,5,0.7751987925,77.5199,128,interp512,rf
18000,6,0.7717204910,77.1720,5,0.7751987925,77.5199,128,interp512,rf
18000,7,0.7737012087,77.3701,5,0.7751987925,77.5199,128,interp512,rf
18000,8,0.7536412390,75.3641,5,0.7751987925,77.5199,128,interp512,rf
19000,0,0.5806484985,58.0648,5,0.7734121880,77.3412,128,interp512,rf
19000,1,0.7254759589,72.5476,5,0.7734121880,77.3412,128,interp512,rf
19000,2,0.7461482979,74.6148,5,0.7734121880,77.3412,128,interp512,rf
19000,3,0.7663718022,76.6372,5,0.7734121880,77.3412,128,interp512,rf
19000,4,0.7708484782,77.0848,5,0.7734121880,77.3412,128,interp512,rf
19000,5,0.7734121880,77.3412,5,0.7734121880,77.3412,128,interp512,rf
19000,6,0.7699008131,76.9901,5,0.7734121880,77.3412,128,interp512,rf
19000,7,0.7680306443,76.8031,5,0.7734121880,77.3412,128,interp512,rf
19000,8,0.7537282283,75.3728,5,0.7734121880,77.3412,128,interp512,rf
20000,0,0.5752436902,57.5244,6,0.7719532928,77.1953,128,interp512,rf
20000,1,0.7234843454,72.3484,6,0.7719532928,77.1953,128,interp512,rf
20000,2,0.7420141692,74.2014,6,0.7719532928,77.1953,128,interp512,rf
20000,3,0.7641489953,76.4149,6,0.7719532928,77.1953,128,interp512,rf
20000,4,0.7702074568,77.0207,6,0.7719532928,77.1953,128,interp512,rf
20000,5,0.7685239170,76.8524,6,0.7719532928,77.1953,128,interp512,rf
20000,6,0.7719532928,77.1953,6,0.7719532928,77.1953,128,interp512,rf
20000,7,0.7676223386,76.7622,6,0.7719532928,77.1953,128,interp512,rf
20000,8,0.7516793392,75.1679,6,0.7719532928,77.1953,128,interp512,rf
