target,target_signal,target_metric,mse_step0_best,mse_step0_layer,mse_step20000_best,mse_step20000_layer,mse_delta,mse_delta_norm0,mae_step0_best,mae_step0_layer,mae_step20000_best,mae_step20000_layer,mae_delta,mae_delta_norm0,pearson_step0_best,pearson_step0_layer,pearson_step20000_best,pearson_step20000_layer,pearson_delta,pearson_delta_norm0,r2_step0_best,r2_step0_layer,r2_step20000_best,r2_step20000_layer,r2_delta,r2_delta_norm0
spike_time_frac,spike,time_frac,0.041,0,0.041,0,0.000,-0.001,0.175,0,0.175,0,0.000,-0.000,0.013,0,0.019,5,0.006,0.007,-0.010,0,-0.011,0,-0.001,-0.001
spike_amplitude,spike,magnitude,0.013,0,0.014,0,0.001,-0.045,0.100,0,0.101,0,0.002,-0.015,0.015,7,0.011,2,-0.004,-0.004,-0.011,0,-0.056,0,-0.045,-0.045
level_change_time_frac,level_change,time_frac,0.034,3,0.035,1,0.001,-0.037,0.148,8,0.148,2,0.000,-0.001,0.404,8,0.415,2,0.011,0.019,0.148,3,0.117,1,-0.031,-0.037
level_change_amplitude,level_change,magnitude,0.170,4,0.079,7,-0.091,0.533,0.305,4,0.203,7,-0.103,0.337,0.700,4,0.880,7,0.179,0.598,0.486,4,0.760,7,0.274,0.533
gaussian_time_frac,gaussian,time_frac,0.041,0,0.042,0,0.001,-0.014,0.175,0,0.176,0,0.001,-0.005,0.010,0,0.025,7,0.015,0.015,-0.009,0,-0.023,0,-0.014,-0.014
gaussian_amplitude,gaussian,magnitude,0.304,7,0.164,6,-0.140,0.460,0.467,7,0.310,7,-0.157,0.337,0.298,7,0.710,6,0.412,0.587,0.081,7,0.503,6,0.422,0.460
gaussian_sigma_sec,gaussian,sigma_sec,0.000,0,0.000,0,0.000,-0.142,0.013,0,0.013,0,0.001,-0.045,0.061,6,0.107,4,0.046,0.049,-0.044,0,-0.192,0,-0.148,-0.142
gaussian_noise_std,gaussian_noise,std,0.001,8,0.001,5,-0.000,0.359,0.028,8,0.022,5,-0.006,0.226,0.530,8,0.714,5,0.184,0.391,0.125,8,0.439,5,0.314,0.359
uniform_noise_amplitude,uniform_noise,std,0.003,6,0.002,2,-0.001,0.360,0.042,6,0.031,2,-0.010,0.247,0.512,5,0.735,2,0.223,0.458,0.156,6,0.460,2,0.304,0.360
random_walk_step_std,random_walk_noise,std,0.000,3,0.000,2,0.000,-0.132,0.013,3,0.014,6,0.000,-0.024,0.653,7,0.739,8,0.085,0.246,0.336,3,0.249,2,-0.088,-0.132
linear_trend_slope,linear_trend,slope,0.946,5,0.619,7,-0.327,0.346,0.806,5,0.609,7,-0.197,0.244,0.550,7,0.735,7,0.185,0.412,0.293,5,0.537,7,0.244,0.346
linear_trend_intercept,linear_trend,intercept,0.045,5,0.039,7,-0.006,0.124,0.160,2,0.151,7,-0.009,0.056,0.682,5,0.737,6,0.055,0.173,0.464,5,0.530,7,0.066,0.124
quadratic_trend_a,quadratic_trend,a,3.000,8,1.142,8,-1.858,0.619,1.376,8,0.804,8,-0.572,0.416,0.661,8,0.888,8,0.227,0.670,0.436,8,0.785,8,0.349,0.619
quadratic_trend_b,quadratic_trend,slope,1.053,2,0.722,7,-0.331,0.315,0.836,3,0.681,8,-0.155,0.186,0.463,2,0.676,7,0.213,0.397,0.208,2,0.457,7,0.249,0.315
quadratic_trend_c,quadratic_trend,intercept,0.049,7,0.045,7,-0.004,0.086,0.172,7,0.161,7,-0.012,0.067,0.648,7,0.690,7,0.043,0.121,0.409,7,0.460,7,0.051,0.086
log_trend_amplitude,log_trend,amplitude,0.138,7,0.031,8,-0.107,0.776,0.241,7,0.129,8,-0.113,0.467,0.949,8,0.988,8,0.040,0.775,0.896,7,0.977,8,0.080,0.776
log_trend_offset,log_trend,offset,0.057,6,0.053,8,-0.004,0.064,0.188,8,0.178,8,-0.010,0.052,0.571,8,0.617,8,0.046,0.108,0.319,6,0.363,8,0.044,0.064
sigmoid_trend_amplitude,sigmoid_trend,amplitude,0.488,7,0.303,8,-0.185,0.379,0.524,7,0.409,8,-0.114,0.219,0.798,7,0.881,8,0.083,0.410,0.634,7,0.772,8,0.139,0.379
sigmoid_trend_center,sigmoid_trend,center,0.028,8,0.027,4,-0.000,0.017,0.139,7,0.135,4,-0.004,0.026,0.304,8,0.363,4,0.059,0.085,0.077,8,0.092,4,0.016,0.017
sigmoid_trend_sharpness,sigmoid_trend,sharpness,18.832,8,18.239,6,-0.593,0.031,3.750,8,3.632,6,-0.117,0.031,0.083,8,0.213,6,0.130,0.142,0.002,8,0.033,6,0.031,0.031
sigmoid_trend_offset,sigmoid_trend,offset,0.062,6,0.057,8,-0.006,0.088,0.201,6,0.188,8,-0.013,0.065,0.511,6,0.612,5,0.100,0.205,0.256,6,0.321,8,0.066,0.088
sine_amplitude,sine,amplitude,0.021,8,0.021,4,-0.000,0.004,0.105,8,0.106,6,0.001,-0.008,0.873,8,0.868,4,-0.004,-0.035,0.747,8,0.748,4,0.001,0.004
sine_frequency_hz,sine,frequency_hz,0.817,8,0.643,7,-0.174,0.213,0.624,8,0.567,7,-0.057,0.092,0.842,8,0.878,7,0.036,0.229,0.708,8,0.770,7,0.062,0.213
sine_phase,sine,phase,3.188,0,3.152,0,-0.036,0.011,1.507,3,1.504,1,-0.003,0.002,0.190,3,0.213,0,0.022,0.027,0.034,0,0.045,0,0.011,0.011
sine_offset,sine,offset,0.010,4,0.011,0,0.001,-0.070,0.080,3,0.086,1,0.006,-0.072,0.493,3,0.471,6,-0.023,-0.045,0.219,4,0.165,0,-0.054,-0.070
sawtooth_amplitude,sawtooth,amplitude,0.025,8,0.009,6,-0.016,0.649,0.115,8,0.066,6,-0.049,0.422,0.840,8,0.949,6,0.109,0.682,0.700,8,0.895,6,0.195,0.649
sawtooth_frequency_hz,sawtooth,frequency_hz,1.069,8,0.344,8,-0.724,0.678,0.745,8,0.374,5,-0.370,0.497,0.790,8,0.939,8,0.149,0.709,0.623,8,0.879,8,0.255,0.678
sawtooth_phase,sawtooth,phase,3.253,0,3.262,0,0.008,-0.002,1.556,0,1.554,0,-0.001,0.001,0.142,0,0.142,0,0.000,0.000,0.019,0,0.017,0,-0.002,-0.002
sawtooth_offset,sawtooth,offset,0.010,3,0.011,1,0.001,-0.090,0.081,8,0.086,8,0.005,-0.060,0.481,8,0.413,8,-0.067,-0.130,0.209,3,0.138,1,-0.071,-0.090
square_amplitude,square,amplitude,0.023,8,0.018,8,-0.005,0.223,0.110,8,0.103,7,-0.007,0.068,0.857,8,0.891,7,0.034,0.236,0.726,8,0.788,8,0.061,0.223
square_frequency_hz,square,frequency_hz,1.219,7,0.573,8,-0.646,0.530,0.868,7,0.567,8,-0.301,0.347,0.757,8,0.893,8,0.136,0.558,0.566,7,0.796,8,0.230,0.530
square_phase,square,phase,3.212,0,3.194,0,-0.019,0.006,1.541,1,1.536,0,-0.005,0.003,0.130,2,0.150,0,0.021,0.024,0.016,0,0.022,0,0.006,0.006
square_offset,square,offset,0.012,3,0.013,1,0.001,-0.084,0.089,4,0.091,7,0.002,-0.027,0.368,4,0.378,5,0.010,0.016,0.113,3,0.038,1,-0.075,-0.084
square_duty_cycle,square,duty_cycle,0.019,8,0.007,7,-0.012,0.643,0.099,3,0.058,7,-0.041,0.416,0.806,8,0.935,7,0.129,0.664,0.645,8,0.873,7,0.228,0.643
