target,target_signal,target_metric,mse_step0_best,mse_step0_layer,mse_step88000_best,mse_step88000_layer,mse_delta,mse_delta_norm0,mae_step0_best,mae_step0_layer,mae_step88000_best,mae_step88000_layer,mae_delta,mae_delta_norm0,pearson_step0_best,pearson_step0_layer,pearson_step88000_best,pearson_step88000_layer,pearson_delta,pearson_delta_norm0,r2_step0_best,r2_step0_layer,r2_step88000_best,r2_step88000_layer,r2_delta,r2_delta_norm0
spike_time_frac,spike,time_frac,0.041,6,0.038,8,-0.003,0.080,0.176,6,0.161,8,-0.015,0.084,0.007,0,0.315,8,0.309,0.311,-0.014,6,0.067,8,0.081,0.080
spike_amplitude,spike,magnitude,0.013,0,0.014,0,0.001,-0.060,0.100,0,0.102,0,0.002,-0.019,0.001,6,0.014,5,0.013,0.013,-0.020,0,-0.082,0,-0.062,-0.060
level_change_time_frac,level_change,time_frac,0.032,6,0.023,4,-0.009,0.269,0.144,8,0.115,4,-0.029,0.201,0.459,8,0.665,4,0.207,0.382,0.203,6,0.417,4,0.215,0.269
level_change_amplitude,level_change,magnitude,0.143,5,0.078,3,-0.066,0.458,0.287,4,0.203,3,-0.084,0.292,0.754,6,0.876,3,0.122,0.496,0.567,5,0.765,3,0.199,0.458
gaussian_time_frac,gaussian,time_frac,0.041,3,0.039,8,-0.003,0.064,0.175,7,0.162,8,-0.013,0.073,0.018,6,0.289,8,0.271,0.276,-0.013,3,0.051,8,0.064,0.064
gaussian_amplitude,gaussian,magnitude,0.332,3,0.314,2,-0.018,0.054,0.499,3,0.473,2,-0.026,0.052,0.027,1,0.246,2,0.219,0.225,-0.004,3,0.050,2,0.054,0.054
gaussian_sigma_sec,gaussian,sigma_sec,0.000,0,0.000,0,0.000,-0.134,0.013,0,0.014,0,0.001,-0.046,0.021,4,0.009,4,-0.012,-0.012,-0.128,0,-0.279,0,-0.151,-0.134
gaussian_noise_std,gaussian_noise,std,0.001,1,0.000,8,-0.000,0.606,0.019,1,0.013,8,-0.006,0.337,0.724,1,0.914,8,0.190,0.687,0.523,1,0.812,8,0.289,0.606
uniform_noise_amplitude,uniform_noise,std,0.001,8,0.001,4,-0.001,0.510,0.027,4,0.020,1,-0.007,0.266,0.745,6,0.905,8,0.160,0.627,0.551,8,0.780,4,0.229,0.510
random_walk_step_std,random_walk_noise,std,0.000,1,0.000,7,-0.000,0.532,0.010,1,0.006,7,-0.004,0.372,0.800,6,0.920,7,0.121,0.603,0.621,1,0.822,7,0.202,0.532
linear_trend_slope,linear_trend,slope,0.400,7,0.214,2,-0.185,0.464,0.478,7,0.323,2,-0.155,0.325,0.838,7,0.917,2,0.079,0.487,0.701,7,0.840,2,0.139,0.464
linear_trend_intercept,linear_trend,intercept,0.047,7,0.039,2,-0.008,0.164,0.166,3,0.145,2,-0.021,0.126,0.668,6,0.741,2,0.073,0.221,0.440,7,0.532,2,0.092,0.164
quadratic_trend_a,quadratic_trend,a,2.856,8,0.840,4,-2.016,0.706,1.349,8,0.663,4,-0.686,0.509,0.681,8,0.918,3,0.237,0.743,0.463,8,0.842,4,0.379,0.706
quadratic_trend_b,quadratic_trend,slope,0.562,7,0.297,4,-0.266,0.472,0.579,7,0.391,4,-0.188,0.325,0.762,8,0.882,4,0.120,0.503,0.577,7,0.777,4,0.200,0.472
quadratic_trend_c,quadratic_trend,intercept,0.049,4,0.042,8,-0.007,0.135,0.173,3,0.156,2,-0.018,0.102,0.642,4,0.711,2,0.069,0.193,0.410,4,0.490,8,0.080,0.135
log_trend_amplitude,log_trend,amplitude,0.089,8,0.037,2,-0.052,0.586,0.220,8,0.146,2,-0.075,0.338,0.966,7,0.986,2,0.020,0.587,0.933,8,0.972,2,0.039,0.586
log_trend_offset,log_trend,offset,0.061,5,0.049,2,-0.012,0.198,0.203,5,0.169,2,-0.034,0.166,0.525,5,0.657,2,0.131,0.277,0.275,5,0.418,2,0.143,0.198
sigmoid_trend_amplitude,sigmoid_trend,amplitude,0.411,3,0.226,7,-0.185,0.451,0.487,3,0.337,7,-0.150,0.308,0.832,7,0.913,7,0.081,0.480,0.692,3,0.831,7,0.139,0.451
sigmoid_trend_center,sigmoid_trend,center,0.021,8,0.015,4,-0.006,0.302,0.115,8,0.092,4,-0.023,0.201,0.567,3,0.730,4,0.163,0.377,0.312,8,0.520,4,0.208,0.302
sigmoid_trend_sharpness,sigmoid_trend,sharpness,17.469,8,11.504,3,-5.965,0.341,3.587,8,2.638,3,-0.949,0.265,0.294,2,0.625,3,0.331,0.469,0.074,8,0.390,3,0.316,0.341
sigmoid_trend_offset,sigmoid_trend,offset,0.050,5,0.044,2,-0.005,0.111,0.173,5,0.161,2,-0.012,0.072,0.642,4,0.696,2,0.054,0.151,0.410,5,0.475,2,0.065,0.111
sine_amplitude,sine,amplitude,0.024,7,0.010,2,-0.015,0.607,0.098,8,0.069,2,-0.029,0.293,0.845,7,0.945,2,0.099,0.642,0.711,7,0.886,2,0.176,0.607
sine_frequency_hz,sine,frequency_hz,2.797,3,2.805,0,0.009,-0.003,1.451,3,1.452,0,0.000,-0.000,0.026,3,0.049,7,0.023,0.024,0.000,3,-0.003,0,-0.003,-0.003
sine_phase,sine,phase,3.274,6,3.186,2,-0.088,0.027,1.562,6,1.517,2,-0.045,0.029,0.107,7,0.197,2,0.090,0.101,0.008,6,0.035,2,0.027,0.027
sine_offset,sine,offset,0.010,4,0.010,0,0.000,-0.031,0.078,8,0.080,8,0.002,-0.026,0.536,4,0.523,0,-0.013,-0.029,0.284,4,0.262,0,-0.022,-0.031
sawtooth_amplitude,sawtooth,amplitude,0.034,5,0.011,2,-0.022,0.661,0.120,5,0.077,2,-0.043,0.358,0.776,8,0.931,2,0.156,0.694,0.598,5,0.864,2,0.266,0.661
sawtooth_frequency_hz,sawtooth,frequency_hz,2.827,7,2.825,8,-0.002,0.001,1.459,4,1.461,8,0.002,-0.001,0.063,7,0.086,4,0.023,0.025,0.004,7,0.004,8,0.001,0.001
sawtooth_phase,sawtooth,phase,3.289,6,3.192,2,-0.098,0.030,1.570,7,1.538,2,-0.033,0.021,0.114,7,0.195,2,0.081,0.091,0.009,6,0.038,2,0.029,0.030
sawtooth_offset,sawtooth,offset,0.010,3,0.010,8,0.001,-0.061,0.078,6,0.078,8,0.000,-0.001,0.513,8,0.497,8,-0.016,-0.034,0.262,3,0.217,8,-0.045,-0.061
square_amplitude,square,amplitude,0.014,7,0.008,1,-0.006,0.417,0.084,7,0.058,1,-0.026,0.308,0.916,7,0.955,1,0.039,0.461,0.837,7,0.905,1,0.068,0.417
square_frequency_hz,square,frequency_hz,2.807,7,2.810,0,0.004,-0.001,1.456,2,1.457,0,0.001,-0.001,0.043,7,0.045,8,0.002,0.002,0.001,7,-0.000,0,-0.001,-0.001
square_phase,square,phase,3.255,5,3.231,2,-0.025,0.008,1.559,6,1.544,2,-0.015,0.010,0.073,6,0.132,2,0.059,0.063,0.003,5,0.010,2,0.008,0.008
square_offset,square,offset,0.013,3,0.012,8,-0.000,0.015,0.096,5,0.095,8,-0.002,0.018,0.227,8,0.287,1,0.060,0.078,0.049,3,0.063,8,0.014,0.015
square_duty_cycle,square,duty_cycle,0.029,8,0.005,2,-0.024,0.836,0.130,7,0.048,2,-0.082,0.634,0.684,8,0.961,2,0.277,0.876,0.467,8,0.912,2,0.445,0.836
