model,dataset,metric,threshold_pct,step_median,step_std,n_seeds,seed_0_step,seed_1_step,seed_2_step,seed_3_step,seed_4_step
LeNEPA T20,PTB-XL,AUROC,80.0,2000,447.21359549995793,5,2000,2000,2000,3000,2000
LeNEPA T20,PTB-XL,AUROC,85.0,2000,894.4271909999159,5,2000,4000,2000,3000,2000
LeNEPA T20,PTB-XL,AUROC,90.0,3000,1673.320053068151,5,2000,6000,2000,4000,3000
LeNEPA T20,PTB-XL,AUROC,95.0,6000,2345.207879911715,5,2000,7000,6000,7000,3000
LeNEPA T20,PTB-XL,AUROC,98.0,8000,4086.56334834051,5,2000,8000,10000,11000,3000
LeNEPA T20,PTB-XL,AUPRC,80.0,2000,547.7225575051662,5,3000,3000,2000,2000,2000
LeNEPA T20,PTB-XL,AUPRC,85.0,2000,547.7225575051662,5,3000,3000,2000,2000,2000
LeNEPA T20,PTB-XL,AUPRC,90.0,3000,707.1067811865476,5,4000,3000,2000,3000,3000
LeNEPA T20,PTB-XL,AUPRC,95.0,4000,1000.0,5,5000,4000,3000,5000,3000
LeNEPA T20,PTB-XL,AUPRC,98.0,4000,1000.0,5,5000,4000,3000,5000,3000
JEPA CLS,PTB-XL,AUROC,80.0,5000,1140.175425099138,5,7000,5000,4000,6000,5000
JEPA CLS,PTB-XL,AUROC,85.0,7000,1483.2396974191327,5,9000,7000,5000,7000,6000
JEPA CLS,PTB-XL,AUROC,90.0,8000,2280.350850198276,5,12000,8000,6000,8000,7000
JEPA CLS,PTB-XL,AUROC,95.0,10000,2302.1728866442677,5,13000,10000,10000,8000,7000
JEPA CLS,PTB-XL,AUROC,98.0,14000,3435.1128074635335,5,18000,15000,14000,10000,10000
JEPA CLS,PTB-XL,AUPRC,80.0,6000,1923.5384061671346,5,10000,6000,5000,7000,6000
JEPA CLS,PTB-XL,AUPRC,85.0,6000,2607.6809620810595,5,12000,6000,6000,8000,6000
JEPA CLS,PTB-XL,AUPRC,90.0,8000,2387.4672772626645,5,13000,10000,8000,8000,7000
JEPA CLS,PTB-XL,AUPRC,95.0,13000,2588.435821108957,5,14000,15000,9000,10000,13000
JEPA CLS,PTB-XL,AUPRC,98.0,16000,3492.849839314596,5,16000,16000,10000,10000,17000
JEPA Mean,PTB-XL,AUROC,80.0,5000,836.6600265340755,5,5000,4000,6000,6000,5000
JEPA Mean,PTB-XL,AUROC,85.0,7000,894.4271909999159,5,7000,5000,7000,7000,6000
JEPA Mean,PTB-XL,AUROC,90.0,8000,0.0,5,8000,8000,8000,8000,8000
JEPA Mean,PTB-XL,AUROC,95.0,10000,1483.2396974191327,5,10000,12000,11000,10000,8000
JEPA Mean,PTB-XL,AUROC,98.0,11000,2345.207879911715,5,10000,15000,14000,11000,10000
JEPA Mean,PTB-XL,AUPRC,80.0,6000,894.4271909999159,5,7000,6000,6000,6000,8000
JEPA Mean,PTB-XL,AUPRC,85.0,8000,1643.1676725154985,5,8000,11000,7000,7000,8000
JEPA Mean,PTB-XL,AUPRC,90.0,9000,3535.5339059327375,5,8000,16000,9000,7000,10000
JEPA Mean,PTB-XL,AUPRC,95.0,12000,2302.1728866442677,5,12000,16000,10000,11000,13000
JEPA Mean,PTB-XL,AUPRC,98.0,15000,2387.4672772626645,5,12000,18000,15000,13000,16000
LeNEPA T20,Aionoscope,AUROC,80.0,3000,547.7225575051662,5,3000,3000,4000,4000,3000
LeNEPA T20,Aionoscope,AUROC,85.0,4000,447.21359549995793,5,4000,4000,4000,5000,4000
LeNEPA T20,Aionoscope,AUROC,90.0,6000,836.6600265340755,5,6000,7000,6000,7000,5000
LeNEPA T20,Aionoscope,AUROC,95.0,9000,1303.8404810405298,5,7000,10000,10000,9000,8000
LeNEPA T20,Aionoscope,AUROC,98.0,12000,707.1067811865476,5,11000,12000,12000,13000,12000
LeNEPA T20,Aionoscope,AUPRC,80.0,2000,1224.744871391589,5,2000,1000,1000,4000,2000
LeNEPA T20,Aionoscope,AUPRC,85.0,4000,447.21359549995793,5,4000,4000,4000,5000,4000
LeNEPA T20,Aionoscope,AUPRC,90.0,6000,1224.744871391589,5,7000,4000,6000,7000,6000
LeNEPA T20,Aionoscope,AUPRC,95.0,10000,1140.175425099138,5,10000,8000,11000,10000,9000
LeNEPA T20,Aionoscope,AUPRC,98.0,14000,1643.1676725154985,5,14000,15000,15000,14000,11000
JEPA CLS,Aionoscope,AUROC,80.0,7000,1643.1676725154985,5,6000,10000,7000,7000,9000
JEPA CLS,Aionoscope,AUROC,85.0,8000,1341.640786499874,5,7000,10000,8000,8000,10000
JEPA CLS,Aionoscope,AUROC,90.0,10000,1673.320053068151,5,10000,13000,9000,9000,11000
JEPA CLS,Aionoscope,AUROC,95.0,12000,2509.980079602227,5,13000,16000,9000,12000,12000
JEPA CLS,Aionoscope,AUROC,98.0,14000,1516.57508881031,5,14000,17000,15000,14000,13000
JEPA CLS,Aionoscope,AUPRC,80.0,7000,1000.0,5,6000,8000,6000,7000,8000
JEPA CLS,Aionoscope,AUPRC,85.0,8000,1140.175425099138,5,8000,10000,7000,8000,9000
JEPA CLS,Aionoscope,AUPRC,90.0,10000,1581.1388300841897,5,8000,12000,9000,10000,11000
JEPA CLS,Aionoscope,AUPRC,95.0,12000,2280.350850198276,5,12000,16000,10000,12000,14000
JEPA CLS,Aionoscope,AUPRC,98.0,17000,1581.1388300841897,5,17000,18000,19000,15000,16000
JEPA Mean,Aionoscope,AUROC,80.0,9000,1516.57508881031,5,7000,10000,9000,7000,10000
JEPA Mean,Aionoscope,AUROC,85.0,10000,2073.6441353327723,5,8000,13000,10000,9000,12000
JEPA Mean,Aionoscope,AUROC,90.0,13000,1949.3588689617927,5,10000,13000,13000,9000,13000
JEPA Mean,Aionoscope,AUROC,95.0,15000,2588.435821108957,5,15000,15000,17000,10000,14000
JEPA Mean,Aionoscope,AUROC,98.0,17000,2701.851217221259,5,17000,19000,18000,12000,17000
JEPA Mean,Aionoscope,AUPRC,80.0,9000,1923.5384061671346,5,8000,11000,9000,6000,10000
JEPA Mean,Aionoscope,AUPRC,85.0,10000,2073.6441353327723,5,8000,12000,10000,7000,11000
JEPA Mean,Aionoscope,AUPRC,90.0,11000,2049.3901531919196,5,10000,14000,14000,10000,11000
JEPA Mean,Aionoscope,AUPRC,95.0,15000,1140.175425099138,5,14000,17000,16000,15000,15000
JEPA Mean,Aionoscope,AUPRC,98.0,17000,1341.640786499874,5,15000,17000,17000,18000,15000
